{"cameraMode":{"drawMode":0,"name":"Shaded","section":"Shading Mode"},"sceneLighting":false,"audioPlay":false,"sceneViewState":{"showFog":true,"showMaterialUpdate":false,"showSkybox":false,"showFlares":true,"showImageEffects":true,"showParticleSystems":true},"in2DMode":false,"pivot":{"x":-20.810440063476564,"y":-3.179687976837158,"z":-12.640066146850586},"rotation":{"x":0.37288734316825869,"y":0.3632858097553253,"z":-0.16158047318458558,"w":0.8383739590644836},"size":11.27717113494873,"orthographic":false}