{"cameraMode":{"drawMode":0,"name":"Shaded","section":"Shading Mode"},"sceneLighting":true,"audioPlay":false,"sceneViewState":{"showFog":true,"showMaterialUpdate":false,"showSkybox":false,"showFlares":true,"showImageEffects":true,"showParticleSystems":true},"in2DMode":false,"pivot":{"x":-18.579914093017579,"y":5.355496406555176,"z":-3.8715457916259767},"rotation":{"x":-0.30922552943229678,"y":-0.010548239573836327,"z":0.003430355340242386,"w":-0.9509254693984985},"size":10.0,"orthographic":false}