{"cameraMode":{"drawMode":0,"name":"Shaded","section":"Shading Mode"},"sceneLighting":true,"audioPlay":false,"sceneViewState":{"showFog":true,"showMaterialUpdate":false,"showSkybox":true,"showFlares":true,"showImageEffects":true,"showParticleSystems":true},"in2DMode":false,"pivot":{"x":0.11198127269744873,"y":-3.2222232818603517,"z":-19.137094497680665},"rotation":{"x":0.01495856512337923,"y":0.9252074360847473,"z":-0.3774055242538452,"w":0.036674197763204578},"size":36.412330627441409,"orthographic":false}