{"cameraMode":{"drawMode":0,"name":"Shaded","section":"Shading Mode"},"sceneLighting":false,"audioPlay":false,"sceneViewState":{"showFog":true,"showMaterialUpdate":false,"showSkybox":false,"showFlares":true,"showImageEffects":true,"showParticleSystems":true},"in2DMode":false,"pivot":{"x":0.01973494328558445,"y":0.1449798196554184,"z":-0.07230871915817261},"rotation":{"x":-0.05825144052505493,"y":-0.8704943060874939,"z":0.4770355224609375,"w":-0.10631369054317475},"size":0.13450463116168977,"orthographic":false}