{"cameraMode":{"drawMode":0,"name":"Shaded","section":"Shading Mode"},"sceneLighting":true,"audioPlay":false,"sceneViewState":{"showFog":true,"showMaterialUpdate":false,"showSkybox":false,"showFlares":true,"showImageEffects":true,"showParticleSystems":true},"in2DMode":false,"pivot":{"x":-19.251110076904298,"y":4.154633045196533,"z":1.8713045120239258},"rotation":{"x":0.15280692279338838,"y":0.11681468784809113,"z":-0.01819286309182644,"w":0.9811593294143677},"size":7.959476470947266,"orthographic":false}