{"cameraMode":{"drawMode":0,"name":"Shaded","section":"Shading Mode"},"sceneLighting":true,"audioPlay":false,"sceneViewState":{"showFog":true,"showMaterialUpdate":false,"showSkybox":false,"showFlares":true,"showImageEffects":true,"showParticleSystems":true},"in2DMode":false,"pivot":{"x":22.54942512512207,"y":0.7348423004150391,"z":-2.560757637023926},"rotation":{"x":-0.12952309846878053,"y":-0.8699434995651245,"z":0.35241740942001345,"w":-0.31972870230674746},"size":15.331950187683106,"orthographic":false}