{"cameraMode":{"drawMode":0,"name":"Shaded","section":"Shading Mode"},"sceneLighting":false,"audioPlay":false,"sceneViewState":{"showFog":true,"showMaterialUpdate":false,"showSkybox":false,"showFlares":true,"showImageEffects":true,"showParticleSystems":true},"in2DMode":false,"pivot":{"x":-6.123847007751465,"y":4.594329357147217,"z":-0.5175806283950806},"rotation":{"x":0.04886709526181221,"y":-0.7068959474563599,"z":0.04907255247235298,"w":0.7039228677749634},"size":5.028713226318359,"orthographic":false}