{"cameraMode":{"drawMode":0,"name":"Shaded","section":"Shading Mode"},"sceneLighting":true,"audioPlay":false,"sceneViewState":{"showFog":true,"showMaterialUpdate":false,"showSkybox":false,"showFlares":true,"showImageEffects":true,"showParticleSystems":true},"in2DMode":false,"pivot":{"x":17.681076049804689,"y":3.61958384513855,"z":-7.3832879066467289},"rotation":{"x":0.03822952136397362,"y":0.9586466550827026,"z":-0.15548552572727204,"w":0.23528586328029633},"size":5.914771556854248,"orthographic":false}