{"cameraMode":{"drawMode":0,"name":"Shaded","section":"Shading Mode"},"sceneLighting":false,"audioPlay":false,"sceneViewState":{"showFog":false,"showMaterialUpdate":false,"showSkybox":false,"showFlares":false,"showImageEffects":false,"showParticleSystems":false},"in2DMode":false,"pivot":{"x":-1.4711854457855225,"y":-0.056720733642578128,"z":10.894023895263672},"rotation":{"x":0.31463301181793215,"y":-0.4209318161010742,"z":0.15843993425369264,"w":0.8358944654464722},"size":3.4036686420440676,"orthographic":false}