{"cameraMode":{"drawMode":0,"name":"Shaded","section":"Shading Mode"},"sceneLighting":true,"audioPlay":false,"sceneViewState":{"showFog":true,"showMaterialUpdate":false,"showSkybox":false,"showFlares":true,"showImageEffects":true,"showParticleSystems":true},"in2DMode":false,"pivot":{"x":0.6073354482650757,"y":0.9790014028549194,"z":17.60881805419922},"rotation":{"x":0.2146458923816681,"y":-0.15079131722450257,"z":0.03356141224503517,"w":0.9643985033035278},"size":4.680486679077148,"orthographic":false}