{"cameraMode":{"drawMode":0,"name":"Shaded","section":"Shading Mode"},"sceneLighting":false,"audioPlay":false,"sceneViewState":{"showFog":true,"showMaterialUpdate":false,"showSkybox":false,"showFlares":true,"showImageEffects":true,"showParticleSystems":true},"in2DMode":false,"pivot":{"x":-12.138716697692871,"y":1.8570365905761719,"z":0.5563220977783203},"rotation":{"x":0.3916577100753784,"y":-0.21648180484771729,"z":0.09535720944404602,"w":0.8891867995262146},"size":19.23354148864746,"orthographic":false}