{"cameraMode":{"drawMode":0,"name":"Shaded","section":"Shading Mode"},"sceneLighting":false,"audioPlay":false,"sceneViewState":{"showFog":true,"showMaterialUpdate":false,"showSkybox":false,"showFlares":true,"showImageEffects":true,"showParticleSystems":true},"in2DMode":false,"pivot":{"x":1.5970839262008668,"y":0.36153870820999148,"z":-3.74102783203125},"rotation":{"x":0.03773870691657066,"y":-0.9563711285591126,"z":0.25175243616104128,"w":0.14336393773555757},"size":0.4618598222732544,"orthographic":false}