{"cameraMode":{"drawMode":0,"name":"Shaded","section":"Shading Mode"},"sceneLighting":false,"audioPlay":false,"sceneViewState":{"showFog":true,"showMaterialUpdate":false,"showSkybox":false,"showFlares":true,"showImageEffects":true,"showParticleSystems":true},"in2DMode":false,"pivot":{"x":0.12136185169219971,"y":0.42702388763427737,"z":0.29955679178237917},"rotation":{"x":0.3085361421108246,"y":-0.5951569080352783,"z":0.26493197679519656,"w":0.6931153535842896},"size":2.8712315559387209,"orthographic":false}