{"cameraMode":{"drawMode":0,"name":"Shaded","section":"Shading Mode"},"sceneLighting":true,"audioPlay":false,"sceneViewState":{"showFog":true,"showMaterialUpdate":false,"showSkybox":false,"showFlares":true,"showImageEffects":true,"showParticleSystems":true},"in2DMode":false,"pivot":{"x":9.027996063232422,"y":5.039807319641113,"z":19.997297286987306},"rotation":{"x":-0.09266302734613419,"y":0.8648630380630493,"z":-0.17351634800434113,"w":-0.46186330914497378},"size":2.493187427520752,"orthographic":false}