{"cameraMode":{"drawMode":0,"name":"Shaded","section":"Shading Mode"},"sceneLighting":false,"audioPlay":false,"sceneViewState":{"showFog":true,"showMaterialUpdate":false,"showSkybox":false,"showFlares":true,"showImageEffects":true,"showParticleSystems":true},"in2DMode":false,"pivot":{"x":-10.403335571289063,"y":1.8326292037963868,"z":-10.814291000366211},"rotation":{"x":0.062236279249191287,"y":-0.844254732131958,"z":0.10051516443490982,"w":0.5227400660514832},"size":3.0800366401672365,"orthographic":false}