{"cameraMode":{"drawMode":0,"name":"Shaded","section":"Shading Mode"},"sceneLighting":false,"audioPlay":false,"sceneViewState":{"showFog":true,"showMaterialUpdate":false,"showSkybox":false,"showFlares":true,"showImageEffects":true,"showParticleSystems":true},"in2DMode":false,"pivot":{"x":5.493168354034424,"y":0.14494983851909638,"z":-12.085575103759766},"rotation":{"x":0.24629932641983033,"y":-0.1824447065591812,"z":0.04726649448275566,"w":0.950692892074585},"size":0.07578007876873017,"orthographic":false}