{"cameraMode":{"drawMode":0,"name":"Shaded","section":"Shading Mode"},"sceneLighting":false,"audioPlay":false,"sceneViewState":{"showFog":true,"showMaterialUpdate":false,"showSkybox":false,"showFlares":true,"showImageEffects":true,"showParticleSystems":true},"in2DMode":false,"pivot":{"x":15.703571319580079,"y":-0.452394962310791,"z":24.77281379699707},"rotation":{"x":-0.834855854511261,"y":-0.15146386623382569,"z":-0.4474492073059082,"w":0.28260305523872378},"size":1.7819774150848389,"orthographic":false}