{"cameraMode":{"drawMode":0,"name":"Shaded","section":"Shading Mode"},"sceneLighting":true,"audioPlay":false,"sceneViewState":{"showFog":true,"showMaterialUpdate":false,"showSkybox":true,"showFlares":true,"showImageEffects":true,"showParticleSystems":true},"in2DMode":false,"pivot":{"x":-0.9999960660934448,"y":4.160376071929932,"z":-23.320194244384767},"rotation":{"x":0.13355271518230439,"y":-0.8269540071487427,"z":0.22114765644073487,"w":0.499407023191452},"size":4.702945709228516,"orthographic":false}