{"cameraMode":{"drawMode":0,"name":"Shaded","section":"Shading Mode"},"sceneLighting":false,"audioPlay":false,"sceneViewState":{"showFog":true,"showMaterialUpdate":false,"showSkybox":false,"showFlares":true,"showImageEffects":true,"showParticleSystems":true},"in2DMode":false,"pivot":{"x":-0.5073261260986328,"y":1.5267517566680909,"z":0.24074718356132508},"rotation":{"x":0.02964215725660324,"y":-0.6865409016609192,"z":0.028032317757606508,"w":0.7259483933448792},"size":1.0712318420410157,"orthographic":false}