{"cameraMode":{"drawMode":0,"name":"Shaded","section":"Shading Mode"},"sceneLighting":false,"audioPlay":false,"sceneViewState":{"showFog":true,"showMaterialUpdate":false,"showSkybox":false,"showFlares":true,"showImageEffects":true,"showParticleSystems":true},"in2DMode":false,"pivot":{"x":0.019618140533566476,"y":0.038230448961257938,"z":0.0024307966232299806},"rotation":{"x":-0.010691805742681027,"y":-0.9493094682693481,"z":0.31248483061790469,"w":-0.032482732087373736},"size":0.3523980975151062,"orthographic":false}