{"cameraMode":{"drawMode":0,"name":"Shaded","section":"Shading Mode"},"sceneLighting":false,"audioPlay":false,"sceneViewState":{"showFog":true,"showMaterialUpdate":false,"showSkybox":false,"showFlares":true,"showImageEffects":true,"showParticleSystems":true},"in2DMode":false,"pivot":{"x":-3.593003749847412,"y":1.4123133420944214,"z":-15.08857250213623},"rotation":{"x":0.27523207664489748,"y":0.2293502688407898,"z":-0.06779161095619202,"w":0.9311555027961731},"size":0.32084470987319949,"orthographic":false}