{"cameraMode":{"drawMode":0,"name":"Shaded","section":"Shading Mode"},"sceneLighting":false,"audioPlay":false,"sceneViewState":{"showFog":true,"showMaterialUpdate":false,"showSkybox":false,"showFlares":true,"showImageEffects":true,"showParticleSystems":true},"in2DMode":false,"pivot":{"x":194.85000610351563,"y":46.130001068115237,"z":-41.02299880981445},"rotation":{"x":-0.0491337813436985,"y":0.8895823955535889,"z":-0.44330525398254397,"w":-0.09859450906515122},"size":10.0,"orthographic":false}