{"cameraMode":{"drawMode":0,"name":"Shaded","section":"Shading Mode"},"sceneLighting":false,"audioPlay":false,"sceneViewState":{"showFog":true,"showMaterialUpdate":false,"showSkybox":false,"showFlares":true,"showImageEffects":true,"showParticleSystems":true},"in2DMode":false,"pivot":{"x":-0.9501248598098755,"y":-0.3086506128311157,"z":-18.929763793945314},"rotation":{"x":-0.3641028106212616,"y":-0.34129878878593447,"z":0.14546631276607514,"w":-0.8542743921279907},"size":1.3810031414031983,"orthographic":false}